"consumer_disputed","percentage"
NULL,1.6916288798302264
"No",78.28363791813615
"Yes",20.02473320203362
